private_key,stake
59c6995e998f97a5a0044966f0945389dc9e86dae88c7a8412f4603b6b78690d,100000000000000000
5de4111afa1a4b94908f83103eb1f1706367c2e68ca870fc3fb9a804cdab365a,100000000000000000
7c852118294e51e653712a81e05800f419141751be58f605c371e15141b007a6,100000000000000000
47e179ec197488593b187f80a00eb0da91f1b9d0b13f8733639f19c30a34926a,100000000000000000
8b3a350cf5c34c9194ca85829a2df0ec3153be0318b5e2d3348e872092edffba,100000000000000000
92db14e403b83dfe3df233f83dfa3a0d7096f21ca9b0d6d6b8d88b2b4ec1564e,100000000000000000
4bbbf85ce3377467afe5d46f804f221813b2bb87f24d81f60f1fcdbf7cbf4356,100000000000000000
dbda1821b80551c9d65939329250298aa3472ba22feea921c0cf5d620ea67b97,100000000000000000
2a871d0798f97d79848a013d4936a73bf4cc922c825d33c1cf7073dff6d409c6,100000000000000000
f214f2b2cd398c806f84e317254e0f0b801d0643303237d97a22a48e01628897,100000000000000000
701b615bbdfb9de65240bc28bd21bbc0d996645a3dd57e7b12bc2bdf6f192c82,100000000000000000
a267530f49f8280200edf313ee7af6b827f2a8bce2897751d06a843f644967b1,100000000000000000
47c99abed3324a2707c28affff1267e45918ec8c3f20b8aa892e8b065d2942dd,100000000000000000
c526ee95bf44d8fc405a158bb884d9d1238d99f0612e9f33d006bb0789009aaa,100000000000000000
8166f546bab6da521a8369cab06c5d2b9e46670292d85c875ee9ec20e84ffb61,100000000000000000
ea6c44ac03bff858b476bba40716402b03e41b8e97e276d1baec7c37d42484a0,100000000000000000
689af8efa8c651a91ad287602527f3af2fe9f6501a7ac4b061667b5a93e037fd,100000000000000000
de9be858da4a475276426320d5e9262ecfc3ba460bfac56360bfa6c4c28b4ee0,100000000000000000
df57089febbacf7ba0bc227dafbffa9fc08a93fdc68e1e42411a14efcf23656e,100000000000000000
eaa861a9a01391ed3d587d8a5a84ca56ee277629a8b02c22093a419bf240e65d,100000000000000000
c511b2aa70776d4ff1d376e8537903dae36896132c90b91d52c1dfbae267cd8b,100000000000000000
224b7eb7449992aac96d631d9677f7bf5888245eef6d6eeda31e62d2f29a83e4,100000000000000000
4624e0802698b9769f5bdb260a3777fbd4941ad2901f5966b854f953497eec1b,100000000000000000
375ad145df13ed97f8ca8e27bb21ebf2a3819e9e0a06509a812db377e533def7,100000000000000000
18743e59419b01d1d846d97ea070b5a3368a3e7f6f0242cf497e1baac6972427,100000000000000000
e383b226df7c8282489889170b0f68f66af6459261f4833a781acd0804fafe7a,100000000000000000
f3a6b71b94f5cd909fb2dbb287da47badaa6d8bcdc45d595e2884835d8749001,100000000000000000
4e249d317253b9641e477aba8dd5d8f1f7cf5250a5acadd1229693e262720a19,100000000000000000
233c86e887ac435d7f7dc64979d7758d69320906a0d340d2b6518b0fd20aa998,100000000000000000
85a74ca11529e215137ccffd9c95b2c72c5fb0295c973eb21032e823329b3d2d,100000000000000000
ac8698a440d33b866b6ffe8775621ce1a4e6ebd04ab7980deb97b3d997fc64fb,100000000000000000
f076539fbce50f0513c488f32bf81524d30ca7a29f400d68378cc5b1b17bc8f2,100000000000000000
5544b8b2010dbdbef382d254802d856629156aba578f453a76af01b81a80104e,100000000000000000
47003709a0a9a4431899d4e014c1fd01c5aad19e873172538a02370a119bae11,100000000000000000
9644b39377553a920edc79a275f45fa5399cbcf030972f771d0bca8097f9aad3,100000000000000000
caa7b4a2d30d1d565716199f068f69ba5df586cf32ce396744858924fdf827f0,100000000000000000
fc5a028670e1b6381ea876dd444d3faaee96cffae6db8d93ca6141130259247c,100000000000000000
5b92c5fe82d4fabee0bc6d95b4b8a3f9680a0ed7801f631035528f32c9eb2ad5,100000000000000000
b68ac4aa2137dd31fd0732436d8e59e959bb62b4db2e6107b15f594caf0f405f,100000000000000000
c95eaed402c8bd203ba04d81b35509f17d0719e3f71f40061a2ec2889bc4caa7,100000000000000000
55afe0ab59c1f7bbd00d5531ddb834c3c0d289a4ff8f318e498cb3f004db0b53,100000000000000000
c3f9b30f83d660231203f8395762fa4257fa7db32039f739630f87b8836552cc,100000000000000000
3db34a7bcc6424e7eadb8e290ce6b3e1423c6e3ef482dd890a812cd3c12bbede,100000000000000000
ae2daaa1ce8a70e510243a77187d2bc8da63f0186074e4a4e3a7bfae7fa0d639,100000000000000000
5ea5c783b615eb12be1afd2bdd9d96fae56dda0efe894da77286501fd56bac64,100000000000000000
f702e0ff916a5a76aaf953de7583d128c013e7f13ecee5d701b49917361c5e90,100000000000000000
7ec49efc632757533404c2139a55b4d60d565105ca930a58709a1c52d86cf5d3,100000000000000000
755e273950f5ae64f02096ae99fe7d4f478a28afd39ef2422068ee7304c636c0,100000000000000000
af6ecabcdbbfb2aefa8248b19d811234cd95caa51b8e59b6ffd3d4bbc2a6be4c,100000000000000000
70c2bd1b41084c2e2238551eace483321f8c1a413a471c3b49c8a5d1d6b3d0c4,100000000000000000
cb8e373c93609268cdcec93450f3578b92bb20c3ac2e77968d106025005f97b5,100000000000000000
6f29f6e0b750bcdd31c3403f48f11d72215990375b6d23380b39c9bbf854a7d3,100000000000000000
ff249f7eba6d8d3a65794995d724400a23d3b0bd1714265c965870ef47808be8,100000000000000000
5599a7be5589682da3e0094806840e8510dae6493665a701b06c59cbe9d97968,100000000000000000
93de2205919f5b472723722fedb992e962c34d29c4caaedd82cd33e16f1fd3cf,100000000000000000
d20ecf81c6c3ad87a4e8dbeb7ceef41dd0eebc7a1657efb9d34e47217694b5cb,100000000000000000
e4058704ed240d68a94b6fb226824734ddabd4b1fe37bc85ce22f5b17f98830e,100000000000000000
4ae4408221b5042c0ee36f6e9e6b586a00d0452aa89df2e7f4f5aec42152ec43,100000000000000000
0e7c38ba429fa5081692121c4fcf6304ca5895c6c86d31ed155b0493c516107f,100000000000000000
d5df67c2e4da3ff9c8c6045d9b7c41581efeb2a3660921ad4ba863cc4b8c211c,100000000000000000
92456ac1fa1ef65a04fb4689580ad5e4cda7369f3620ef3a02fa4015725f460a,100000000000000000
65b10e7d7315bb8b7f7c6eefcbd87b36ad4007c4ade9c032354f016e84ad9c5e,100000000000000000
365820b3376c77dab008476d49f7cd7af87fc7bbd57dc490378106c3353b2b33,100000000000000000
b07579b9864bb8e69e8b6e716284ab5b5f39fe5bb57ae4c83af795a242390202,100000000000000000
bf071d2b017426fcbf763cce3b3efe3ffc9663a42c77a431df521ef6c79cacad,100000000000000000
8bbffff1588b3c4eb8d415382546f6f6d5f0f61087c3be7c7c4d9e0d41d97258,100000000000000000
b658f0575a14a7ac05075cb0f8727f0aae168a091dfb32d92514d1a7c11cf498,100000000000000000
228330af91fa515d7514cf5ac6594ab90b296cbd8ff7bc4567306aa66cacd79f,100000000000000000
e6f80f9618311c0cd58f6a3fc6621cdbf6da4a72cc42e2974c98829343e7927b,100000000000000000
36d0435aa9a2c24d72a0aa69673b3acc2649969c38a581103df491aac6c33dd4,100000000000000000
f3ed98f9148171cfed177aef647e8ac0e2579075f640d05d37df28e6e0551083,100000000000000000
8fc20c439fd7cf4f36217471a5db7594188540cf9997a314520a018de27544dd,100000000000000000
549078aab3adafeff862b2d40b6b27756c5c4669475c3367edfb8dcf63ea1ae5,100000000000000000
acf192decb2e4ddd8ad61693ab8edd67e3620b2ed79880ff4e1e04482c52c916,100000000000000000
47dc59330fb8c356ef61c55c11f9bb49ee463df50cbfe59f389de7637037b029,100000000000000000
f0050439b33fd77f7183f44375bc43a869a9880dca82a187fab9be91e020d029,100000000000000000
e995cc7ea38e5c2927b97607765c2a20f4a6052d6810a3a1102e84d77c0df13b,100000000000000000
8232e778c8e32eddb268e12aee5e82c7bb540cc176e150d64f35ee4ae2faf2b2,100000000000000000
ba8c9ff38e4179748925335a9891b969214b37dc3723a1754b8b849d3eea9ac0,100000000000000000
e66935494406a2b7cddd5b90f0a416cd499353f9f5b16d3f53e9db79b5af315c,100000000000000000
df1d05a0dc7ff9b702517352bbcc48cd78c4f1c8e7e0be4a7e8c9d8a01318dca,100000000000000000
af905e7d181f83cf2b32316c035db8cc6dc37b8ee658a39c648a40f7f5aea732,100000000000000000
2e07199788560fbb67ad75c647ab4c1288c035e370cd8efd8cc98c117a9e1dbc,100000000000000000
beab65f35a77de7af63a97748e6a3bb90372f9225ebc6e8d0f1dc14098ac683a,100000000000000000
0ae04d323697ac9f6590e30ac497b8bb84ba66a3f7db8648792e92a5773c9dc7,100000000000000000
7cda9d93162b809fb8474f22c724da7e9590ac3bfba54ec15bdd54953ab3e5ff,100000000000000000
f6702b85537d0a844debc36e28e409af35c683a0d968ff1a01eab8bc17542397,100000000000000000
4034badb4e3cdf45d4032c7671a82d4967a0ce4c1bf3ddb72bf8fba38c151f6f,100000000000000000
967483ff906486d78577d1749000ddcee7c65f480f154fb5d9d45170f0489d33,100000000000000000
9c9186fb8f85adc661f3da56dd64e3b9a3f95b17c05ed9c6561f9ee9225da327,100000000000000000
ef463dfdd318a103afeb0e4e75b3c3c0b13a681c2dc48b22bc05a949d5fa28d5,100000000000000000
165b52d20a0ebc82b1e87bd02e221f3a2bec6ff6f61326eea3e6180cc23ccf43,100000000000000000
945ff88d4066b8f6d61eb1dbc7c31dc1ad0078b8a781e0ea7b4c4f097e62dfd3,100000000000000000
1ecfea2bcec4e5e3af2430ae90d554bc272cd7743efb66138c90840c729ebffe,100000000000000000
a6d83a50114f5bbd5557832caf948c4f202e31e7f8dd3bffdb579bf78dc4c166,100000000000000000
f6b39438613b3f5dae4e84a73e90ea8a4efa0ab7b69cc532fdfe3932d20d52bb,100000000000000000
41f789906acc91db1f402d803b8537830856da0211f4ccf22f526d918b26c881,100000000000000000
c1b5e6b1cd081956fa11c35329eeb84d31bceaf7253e84e0f90323d55065aa1f,100000000000000000
a3f5fbad1692c5b72802300aefb5b760364018018ddb5fe7589a2203d0d10e60,100000000000000000
